{"errors":[],"warnings":[],"namedChunkGroups":{"app":{"chunks":[5,1,4,0],"assets":["webpack-runtime-b12011b6dcd3a6bd2e25.js","webpack-runtime-b12011b6dcd3a6bd2e25.js.map","commons-cdf68d18a85d63bc2cb8.js","commons-cdf68d18a85d63bc2cb8.js.map","styles.fd29db40121afe1909a3.css","styles-8dacde58c8fffaeca369.js","styles-8dacde58c8fffaeca369.js.map","app-35066ef22bd1a89d1e06.js","app-35066ef22bd1a89d1e06.js.map"],"children":{},"childAssets":{}},"component---src-pages-404-js":{"chunks":[2],"assets":["component---src-pages-404-js-2a5aaa55328eb3d13503.js","component---src-pages-404-js-2a5aaa55328eb3d13503.js.map"],"children":{},"childAssets":{}},"component---src-pages-index-js":{"chunks":[3],"assets":["component---src-pages-index-js-1c85f17f24ce330abe17.js","component---src-pages-index-js-1c85f17f24ce330abe17.js.map"],"children":{},"childAssets":{}}},"assetsByChunkName":{"app":["webpack-runtime-b12011b6dcd3a6bd2e25.js","commons-cdf68d18a85d63bc2cb8.js","styles.fd29db40121afe1909a3.css","styles-8dacde58c8fffaeca369.js","app-35066ef22bd1a89d1e06.js"],"component---src-pages-404-js":["component---src-pages-404-js-2a5aaa55328eb3d13503.js"],"component---src-pages-index-js":["component---src-pages-index-js-1c85f17f24ce330abe17.js"]}}