{"errors":[],"warnings":[],"namedChunkGroups":{"app":{"chunks":[5,1,4,0],"assets":["webpack-runtime-f70136ad9aba2e9545a0.js","webpack-runtime-f70136ad9aba2e9545a0.js.map","commons-b2d53874996aa1fa6350.js","commons-b2d53874996aa1fa6350.js.map","styles.400c547c96e8ff769f6a.css","styles-c51f7cecfaf7c06ca085.js","styles-c51f7cecfaf7c06ca085.js.map","app-450a744a4168859ce1a8.js","app-450a744a4168859ce1a8.js.map"],"children":{},"childAssets":{}},"component---src-pages-404-js":{"chunks":[2],"assets":["component---src-pages-404-js-2bd911ff51d60799f46a.js","component---src-pages-404-js-2bd911ff51d60799f46a.js.map"],"children":{},"childAssets":{}},"component---src-pages-index-js":{"chunks":[3],"assets":["component---src-pages-index-js-cf6f33f7c134ef8ac0c7.js","component---src-pages-index-js-cf6f33f7c134ef8ac0c7.js.map"],"children":{},"childAssets":{}}},"assetsByChunkName":{"app":["webpack-runtime-f70136ad9aba2e9545a0.js","commons-b2d53874996aa1fa6350.js","styles.400c547c96e8ff769f6a.css","styles-c51f7cecfaf7c06ca085.js","app-450a744a4168859ce1a8.js"],"component---src-pages-404-js":["component---src-pages-404-js-2bd911ff51d60799f46a.js"],"component---src-pages-index-js":["component---src-pages-index-js-cf6f33f7c134ef8ac0c7.js"]}}