{"errors":[],"warnings":[],"namedChunkGroups":{"app":{"chunks":[5,1,4,0],"assets":["webpack-runtime-c6948179a370915ccd0b.js","webpack-runtime-c6948179a370915ccd0b.js.map","commons-cdf68d18a85d63bc2cb8.js","commons-cdf68d18a85d63bc2cb8.js.map","styles.e4b606e456abe2e25429.css","styles-064b86380d3ac228e8f7.js","styles-064b86380d3ac228e8f7.js.map","app-2e0f3e7fa274e958e066.js","app-2e0f3e7fa274e958e066.js.map"],"children":{},"childAssets":{}},"component---src-pages-404-js":{"chunks":[2],"assets":["component---src-pages-404-js-2a5aaa55328eb3d13503.js","component---src-pages-404-js-2a5aaa55328eb3d13503.js.map"],"children":{},"childAssets":{}},"component---src-pages-index-js":{"chunks":[3],"assets":["component---src-pages-index-js-e6aed9e817cb6dbb9baf.js","component---src-pages-index-js-e6aed9e817cb6dbb9baf.js.map"],"children":{},"childAssets":{}}},"assetsByChunkName":{"app":["webpack-runtime-c6948179a370915ccd0b.js","commons-cdf68d18a85d63bc2cb8.js","styles.e4b606e456abe2e25429.css","styles-064b86380d3ac228e8f7.js","app-2e0f3e7fa274e958e066.js"],"component---src-pages-404-js":["component---src-pages-404-js-2a5aaa55328eb3d13503.js"],"component---src-pages-index-js":["component---src-pages-index-js-e6aed9e817cb6dbb9baf.js"]}}