{"errors":[],"warnings":[],"namedChunkGroups":{"app":{"chunks":[5,1,4,0],"assets":["webpack-runtime-a04cb2ca6264dc1f4918.js","webpack-runtime-a04cb2ca6264dc1f4918.js.map","commons-b2d53874996aa1fa6350.js","commons-b2d53874996aa1fa6350.js.map","styles.68cde2de2869c8949a77.css","styles-f294ea5f6b415e278904.js","styles-f294ea5f6b415e278904.js.map","app-e2ef1c6be0c3782bd1ae.js","app-e2ef1c6be0c3782bd1ae.js.map"],"children":{},"childAssets":{}},"component---src-pages-404-js":{"chunks":[2],"assets":["component---src-pages-404-js-2bd911ff51d60799f46a.js","component---src-pages-404-js-2bd911ff51d60799f46a.js.map"],"children":{},"childAssets":{}},"component---src-pages-index-js":{"chunks":[3],"assets":["component---src-pages-index-js-a26b7fe63009b214cd5f.js","component---src-pages-index-js-a26b7fe63009b214cd5f.js.map"],"children":{},"childAssets":{}}},"assetsByChunkName":{"app":["webpack-runtime-a04cb2ca6264dc1f4918.js","commons-b2d53874996aa1fa6350.js","styles.68cde2de2869c8949a77.css","styles-f294ea5f6b415e278904.js","app-e2ef1c6be0c3782bd1ae.js"],"component---src-pages-404-js":["component---src-pages-404-js-2bd911ff51d60799f46a.js"],"component---src-pages-index-js":["component---src-pages-index-js-a26b7fe63009b214cd5f.js"]}}