{"errors":[],"warnings":[],"namedChunkGroups":{"app":{"chunks":[5,1,4,0],"assets":["webpack-runtime-91a5ec9bbfb56eb032ff.js","webpack-runtime-91a5ec9bbfb56eb032ff.js.map","commons-cdf68d18a85d63bc2cb8.js","commons-cdf68d18a85d63bc2cb8.js.map","styles.400c547c96e8ff769f6a.css","styles-cbd8554d4b21a2d2e8ab.js","styles-cbd8554d4b21a2d2e8ab.js.map","app-bb9f4908f68841d2d8ee.js","app-bb9f4908f68841d2d8ee.js.map"],"children":{},"childAssets":{}},"component---src-pages-404-js":{"chunks":[2],"assets":["component---src-pages-404-js-2a5aaa55328eb3d13503.js","component---src-pages-404-js-2a5aaa55328eb3d13503.js.map"],"children":{},"childAssets":{}},"component---src-pages-index-js":{"chunks":[3],"assets":["component---src-pages-index-js-9e1735b7fd5688cb23f2.js","component---src-pages-index-js-9e1735b7fd5688cb23f2.js.map"],"children":{},"childAssets":{}}},"assetsByChunkName":{"app":["webpack-runtime-91a5ec9bbfb56eb032ff.js","commons-cdf68d18a85d63bc2cb8.js","styles.400c547c96e8ff769f6a.css","styles-cbd8554d4b21a2d2e8ab.js","app-bb9f4908f68841d2d8ee.js"],"component---src-pages-404-js":["component---src-pages-404-js-2a5aaa55328eb3d13503.js"],"component---src-pages-index-js":["component---src-pages-index-js-9e1735b7fd5688cb23f2.js"]}}