{"errors":[],"warnings":[],"namedChunkGroups":{"app":{"chunks":[5,1,4,0],"assets":["webpack-runtime-181edb1553d8cf59ce61.js","webpack-runtime-181edb1553d8cf59ce61.js.map","commons-cdf68d18a85d63bc2cb8.js","commons-cdf68d18a85d63bc2cb8.js.map","styles.e4b606e456abe2e25429.css","styles-a73dd5e0c344ade1e036.js","styles-a73dd5e0c344ade1e036.js.map","app-2e0f3e7fa274e958e066.js","app-2e0f3e7fa274e958e066.js.map"],"children":{},"childAssets":{}},"component---src-pages-404-js":{"chunks":[2],"assets":["component---src-pages-404-js-2a5aaa55328eb3d13503.js","component---src-pages-404-js-2a5aaa55328eb3d13503.js.map"],"children":{},"childAssets":{}},"component---src-pages-index-js":{"chunks":[3],"assets":["component---src-pages-index-js-5a6da849b161f338cbf0.js","component---src-pages-index-js-5a6da849b161f338cbf0.js.map"],"children":{},"childAssets":{}}},"assetsByChunkName":{"app":["webpack-runtime-181edb1553d8cf59ce61.js","commons-cdf68d18a85d63bc2cb8.js","styles.e4b606e456abe2e25429.css","styles-a73dd5e0c344ade1e036.js","app-2e0f3e7fa274e958e066.js"],"component---src-pages-404-js":["component---src-pages-404-js-2a5aaa55328eb3d13503.js"],"component---src-pages-index-js":["component---src-pages-index-js-5a6da849b161f338cbf0.js"]}}