{"errors":[],"warnings":[],"namedChunkGroups":{"app":{"chunks":[5,1,4,0],"assets":["webpack-runtime-675a7ecedd652c1dcef5.js","webpack-runtime-675a7ecedd652c1dcef5.js.map","commons-b2d53874996aa1fa6350.js","commons-b2d53874996aa1fa6350.js.map","styles.e4b606e456abe2e25429.css","styles-acebdb5254fa84cc8f4d.js","styles-acebdb5254fa84cc8f4d.js.map","app-e0ad96e6e76bb0ea1b5f.js","app-e0ad96e6e76bb0ea1b5f.js.map"],"children":{},"childAssets":{}},"component---src-pages-404-js":{"chunks":[2],"assets":["component---src-pages-404-js-2bd911ff51d60799f46a.js","component---src-pages-404-js-2bd911ff51d60799f46a.js.map"],"children":{},"childAssets":{}},"component---src-pages-index-js":{"chunks":[3],"assets":["component---src-pages-index-js-cf6f33f7c134ef8ac0c7.js","component---src-pages-index-js-cf6f33f7c134ef8ac0c7.js.map"],"children":{},"childAssets":{}}},"assetsByChunkName":{"app":["webpack-runtime-675a7ecedd652c1dcef5.js","commons-b2d53874996aa1fa6350.js","styles.e4b606e456abe2e25429.css","styles-acebdb5254fa84cc8f4d.js","app-e0ad96e6e76bb0ea1b5f.js"],"component---src-pages-404-js":["component---src-pages-404-js-2bd911ff51d60799f46a.js"],"component---src-pages-index-js":["component---src-pages-index-js-cf6f33f7c134ef8ac0c7.js"]}}